Category,total_sales
Technology,866409.1732800002
Furniture,561696.1119
"Office Supplies",461242.51740000007
