Category,total_profit
Technology,143474.30687999996
"Office Supplies",131908.2618
Furniture,67195.56509999998
