Category,total_profit
Furniture,67195.56509999998
"Office Supplies",131908.2618
Technology,143474.30687999996
