City,total_sales
"New York City",72403.15800000001
Detroit,38858.166
Philadelphia,38448.450000000004
Lakewood,33764.490000000005
London,33031.476
