City,avg_discount,total_profit
"New York City",0.04285714285714286,26150.3973
Detroit,0.05000000000000001,16879.097999999998
Minneapolis,0,13891.426499999998
Atlanta,0,13852.353000000001
Prato,0,11937.24
