Category,profit
Technology,21753.204299999998
"Office Supplies",3431.6730000000002
Furniture,965.52
