Region,total_sales
Central,397654.2273
Oceania,240170.2740000001
South,212995.78128
East,186505.29299999998
North,145672.50600000002
"Central Asia",142079.85
"North Asia",134627.44499999995
"Southeast Asia",133981.36200000005
West,124821.384
Africa,95126.22000000002
EMEA,59031.9
Canada,11591.64
Caribbean,5089.92
